<?xml version="1.0" encoding="UTF-8" standalone="yes"?>
<orient-server>
	<handlers>
		<handler class="com.orientechnologies.orient.server.handler.distributed.ODistributedServerManager">
			<parameters>
				<parameter name="name" value="default" />
				<parameter name="security.algorithm" value="Blowfish" />
				<parameter name="network.multicast.address" value="235.1.1.1" />
				<parameter name="network.multicast.port" value="2424" />
				<parameter name="network.multicast.heartbeat" value="10" />
				<parameter name="server.update.delay" value="5000" />
				<parameter name="server.electedForLeadership" value="true" />
			</parameters>
		</handler>
	</handlers>
	<network>
		<protocols>
			<!-- Default registered protocol. It reads commands using the HTTP protocol and write data locally -->
			<protocol implementation="com.orientechnologies.orient.server.network.protocol.binary.ONetworkProtocolBinary" name="binary" />
			<protocol implementation="com.orientechnologies.orient.server.network.protocol.http.ONetworkProtocolHttpDb" name="http" />
			<protocol implementation="com.orientechnologies.orient.server.network.protocol.distributed.ONetworkProtocolDistributed" name="distributed" />
		</protocols>
		<listeners>
			<listener protocol="distributed" port-range="2424-2430" ip-address="127.0.0.1" />
			<listener protocol="http" port-range="2480-2490" ip-address="127.0.0.1">
				<parameters>
					<!-- Connection's custom parameters. If not specified the global configuration will be taken -->
				</parameters>
				<commands>
					<command pattern="POST|*.action GET|*.action" implementation="com.orientechnologies.orient.server.network.protocol.http.command.post.OServerCommandPostAction">
						<parameters>
						</parameters>
					</command>
				</commands>
			</listener>
		</listeners>
		<cluster>
		</cluster>
	</network>
	<storages>
		<!-- Default in-memory storage. Data are not saved permanently. -->
		<storage path="memory:temp" name="temp" userName="admin" userPassword="admin" loaded-at-startup="true" />
	</storages>
	<users>
	</users>
	<properties>
		<!-- Caches static contents. If enabled the files will be kept in memory the first time are loaded. Changes to the files will be taken on the next restart -->
		<entry name="server.cache.file.static" value="false" />
		<entry name="server.cache.http.static" value="true" />

		<!-- Enable/Disable logging. Levels are: finer, fine, finest, info, warning -->
		<entry name="log.console.level" value="info" />
		<entry name="log.file.level" value="fine" />
	</properties>
</orient-server>